date,equity
2015-01-05,1000000.00
2015-01-06,999863.90
2015-01-07,999365.90
2015-01-08,999272.90
2015-01-09,997087.90
2015-01-12,999014.90
2015-01-13,1001964.90
2015-01-14,999070.90
2015-01-15,1000655.90
2015-01-16,999578.90
2015-01-19,991595.90
2015-01-20,994170.90
2015-01-21,997494.90
2015-01-22,996462.90
2015-01-23,996142.90
2015-01-26,996602.90
2015-01-27,995857.90
2015-01-28,994160.90
2015-01-29,992206.90
2015-01-30,992415.90
2015-02-02,988811.90
2015-02-03,990443.79
2015-02-04,988895.79
2015-02-05,987268.79
2015-02-06,985269.79
2015-02-09,986679.79
2015-02-10,990037.79
2015-02-11,989445.79
2015-02-12,989373.79
2015-02-13,990644.79
2015-02-16,989899.79
2015-02-17,994296.79
2015-02-25,994336.79
2015-02-26,996118.79
2015-02-27,995263.79
2015-03-02,995576.79
2015-03-03,989477.51
2015-03-04,990198.51
2015-03-05,985346.51
2015-03-06,985122.51
2015-03-09,990701.51
2015-03-10,988081.51
2015-03-11,991918.51
2015-03-12,993871.51
2015-03-13,994544.51
2015-03-16,996727.51
2015-03-17,997532.51
2015-03-18,1001600.51
2015-03-19,1000623.51
2015-03-20,1000649.51
2015-03-23,1003788.51
2015-03-24,1004399.51
2015-03-25,1000565.51
2015-03-26,1000857.51
2015-03-27,1000752.51
2015-03-30,1004129.51
2015-03-31,1006279.51
2015-04-01,1010125.51
2015-04-02,1009296.12
2015-04-03,1009246.41
2015-04-07,1012146.97
2015-04-08,1012972.50
2015-04-09,1011740.12
2015-04-10,1013691.24
2015-04-13,1018044.91
2015-04-14,1017188.82
2015-04-15,1018168.67
2015-04-16,1022054.10
2015-04-17,1024779.17
2015-04-20,1020219.11
2015-04-21,1022761.22
2015-04-22,1024202.09
2015-04-23,1022724.13
2015-04-24,1019668.44
2015-04-27,1023226.40
2015-04-28,1026649.83
2015-04-29,1024366.14
2015-04-30,1022841.48
2015-05-04,1022096.66
2015-05-05,1015142.35
2015-05-06,1014332.35
2015-05-07,1012744.35
2015-05-08,1014109.35
2015-05-11,1015305.35
2015-05-12,1015499.35
2015-05-13,1015407.35
2015-05-14,1014788.35
2015-05-15,1013058.35
2015-05-18,1011408.35
2015-05-19,1014209.35
2015-05-20,1014125.35
2015-05-21,1014356.35
2015-05-22,1017225.35
2015-05-25,1019760.35
2015-05-26,1019964.35
2015-05-27,1018732.35
2015-05-28,1012897.35
2015-05-29,1012475.35
2015-06-01,1016497.35
2015-06-02,1015916.47
2015-06-03,1011023.47
2015-06-04,1014074.03
2015-06-05,1013880.67
2015-06-08,1026583.84
2015-06-09,1030390.32
2015-06-10,1026249.18
2015-06-11,1024212.50
2015-06-12,1026147.86
2015-06-15,1016469.67
2015-06-16,1012949.52
2015-06-17,1013302.62
2015-06-18,1001031.32
2015-06-19,986881.76
2015-06-23,999826.11
2015-06-24,1005030.84
2015-06-25,996150.06
2015-06-26,981603.45
2015-06-29,981219.59
2015-06-30,998857.93
2015-07-01,987342.87
2015-07-02,987639.85
2015-07-03,948229.67
2015-07-06,1001155.78
2015-07-07,1036393.90
2015-07-08,976140.01
2015-07-09,1032536.82
2015-07-10,1075570.21
2015-07-13,1058136.13
2015-07-14,1021469.78
2015-07-15,1021806.70
2015-07-16,1014773.37
2015-07-17,1027170.13
2015-07-20,1014927.82
2015-07-21,1013798.99
2015-07-22,1008479.93
2015-07-23,1015429.99
2015-07-24,1007663.88
2015-07-27,934816.39
2015-07-28,944465.76
2015-07-29,954902.26
2015-07-30,931228.67
2015-07-31,939108.98
2015-08-03,958596.42
2015-08-04,965518.10
2015-08-05,944641.99
2015-08-06,935795.87
2015-08-07,944650.04
2015-08-10,968180.78
2015-08-11,961904.28
2015-08-12,947541.39
2015-08-13,951399.63
2015-08-14,947998.60
2015-08-17,952285.85
2015-08-18,908768.95
2015-08-19,911432.78
2015-08-20,892764.34
2015-08-21,867554.29
2015-08-24,796536.97
2015-08-25,761618.07
2015-08-26,792818.06
2015-08-27,830794.53
2015-08-28,842536.33
2015-08-31,842078.23
2015-09-01,861010.70
2015-09-02,873789.23
2015-09-07,841041.72
2015-09-08,850881.94
2015-09-09,857031.95
2015-09-10,854884.29
2015-09-11,850111.85
2015-09-14,838557.29
2015-09-15,830341.42
2015-09-16,852859.57
2015-09-17,838453.33
2015-09-18,839962.51
2015-09-21,845088.55
2015-09-22,847592.70
2015-09-23,837925.39
2015-09-24,841723.84
2015-09-25,834799.16
2015-09-28,833014.83
2015-09-29,823815.73
2015-09-30,829417.46
2015-10-08,845514.64
2015-10-09,846673.07
2015-10-12,860241.69
2015-10-13,857602.86
2015-10-14,850984.80
2015-10-15,858075.45
2015-10-16,859722.66
2015-10-19,859124.23
2015-10-20,860366.66
2015-10-21,861129.59
2015-10-22,862054.30
2015-10-23,870822.33
2015-10-26,870610.55
2015-10-27,863701.67
2015-10-28,856085.88
2015-10-29,859415.49
2015-10-30,858567.52
2015-11-02,860095.30
2015-11-03,856649.91
2015-11-04,873036.58
2015-11-05,885260.93
2015-11-06,890029.82
2015-11-09,899745.00
2015-11-10,894841.59
2015-11-11,891636.86
2015-11-12,887661.01
2015-11-13,879478.08
2015-11-16,882505.44
2015-11-17,883243.52
2015-11-18,882560.01
2015-11-19,886878.83
2015-11-20,883151.72
2015-11-23,879106.93
2015-11-24,879867.82
2015-11-25,881385.14
2015-11-26,889700.45
2015-11-27,871530.04
2015-11-30,870491.51
2015-12-01,877610.42
2015-12-02,904826.20
2015-12-03,901591.96
2015-12-04,900577.82
2015-12-07,900530.17
2015-12-08,888408.72
2015-12-09,896763.22
2015-12-10,895387.28
2015-12-11,895465.49
2015-12-14,902432.98
2015-12-15,897200.70
2015-12-16,892873.76
2015-12-17,899236.66
2015-12-18,899586.51
2015-12-21,933894.48
2015-12-22,938282.87
2015-12-23,943900.92
2015-12-24,930965.03
2015-12-25,930442.26
2015-12-28,916605.04
2015-12-29,925687.93
2015-12-30,922423.62
2015-12-31,917153.81
2016-01-04,885985.26
2016-01-05,894088.29
2016-01-06,898628.94
2016-01-07,875652.99
2016-01-08,887969.93
2016-01-11,868136.42
2016-01-12,868092.42
2016-01-13,862375.35
2016-01-14,866879.47
2016-01-15,853624.55
2016-01-18,852953.21
2016-01-19,865501.36
2016-01-20,857592.98
2016-01-21,848169.75
2016-01-22,852827.80
2016-01-25,854969.63
2016-01-26,837444.53
2016-01-27,837837.07
2016-01-28,834345.46
2016-01-29,845355.33
2016-02-01,841059.76
2016-02-02,846012.27
2016-02-03,843598.45
2016-02-04,847648.68
2016-02-05,844608.86
2016-02-15,837093.22
2016-02-16,852315.92
2016-02-17,857258.33
2016-02-18,855537.74
2016-02-19,854564.92
2016-02-22,863382.79
2016-02-23,857222.92
2016-02-24,860146.33
2016-02-25,838644.93
2016-02-26,844076.99
2016-02-29,837016.75
2016-03-01,842455.58
2016-03-02,856594.85
2016-03-03,859235.67
2016-03-04,874837.73
2016-03-07,873848.69
2016-03-08,872980.48
2016-03-09,871464.73
2016-03-10,872483.98
2016-03-11,871910.27
2016-03-14,876355.88
2016-03-15,877536.62
2016-03-16,880479.56
2016-03-17,880954.53
2016-03-18,884132.66
2016-03-21,885923.57
2016-03-22,883231.94
2016-03-23,883894.71
2016-03-24,876647.90
2016-03-25,877729.45
2016-03-28,879553.66
2016-03-29,877981.91
2016-03-30,887359.90
2016-03-31,887579.44
2016-04-01,888679.35
2016-04-05,892221.47
2016-04-06,890550.25
2016-04-07,884861.40
2016-04-08,883026.36
2016-04-11,884750.75
2016-04-12,882860.78
2016-04-13,886520.08
2016-04-14,887833.91
2016-04-15,887352.99
2016-04-18,884889.37
2016-04-19,884767.11
2016-04-20,880993.63
2016-04-21,879647.10
2016-04-22,883363.67
2016-04-25,885876.03
2016-04-26,885205.97
2016-04-27,885005.91
2016-04-28,884893.87
2016-04-29,885149.59
2016-05-03,891310.73
2016-05-04,888717.00
2016-05-05,890302.50
2016-05-06,877448.58
2016-05-09,874706.82
2016-05-10,880107.20
2016-05-11,888161.85
2016-05-12,885500.57
2016-05-13,886628.16
2016-05-16,887959.55
2016-05-17,888040.80
2016-05-18,881556.81
2016-05-19,879840.80
2016-05-20,881023.51
2016-05-23,885928.55
2016-05-24,882240.60
2016-05-25,880119.01
2016-05-26,879946.95
2016-05-27,881222.36
2016-05-30,884431.32
2016-05-31,894379.19
2016-06-01,892600.01
2016-06-02,893289.01
2016-06-03,896156.12
2016-06-06,897081.05
2016-06-07,896764.55
2016-06-08,894914.41
2016-06-13,890697.84
2016-06-14,892050.04
2016-06-15,893411.44
2016-06-16,891947.82
2016-06-17,893263.00
2016-06-20,894041.20
2016-06-21,893561.00
2016-06-22,894894.54
2016-06-23,894586.23
2016-06-24,891961.13
2016-06-27,895017.80
2016-06-28,894732.43
2016-06-29,895692.92
2016-06-30,897552.83
2016-07-01,899310.95
2016-07-04,903249.25
2016-07-05,903955.44
2016-07-06,904264.15
2016-07-07,916906.74
2016-07-08,914155.63
2016-07-11,919551.91
2016-07-12,935292.85
2016-07-13,939188.63
2016-07-14,939287.36
2016-07-15,946436.30
2016-07-18,951498.57
2016-07-19,942191.48
2016-07-20,939073.87
2016-07-21,944172.18
2016-07-22,937021.82
2016-07-25,938183.21
2016-07-26,949224.64
2016-07-27,951623.93
2016-07-28,962055.98
2016-07-29,959313.53
2016-08-01,955217.42
2016-08-02,955162.52
2016-08-03,954585.73
2016-08-04,954137.25
2016-08-05,952278.12
2016-08-08,954957.24
2016-08-09,958360.77
2016-08-10,955438.94
2016-08-11,957257.51
2016-08-12,964536.09
2016-08-15,973793.53
2016-08-16,970352.50
2016-08-17,969197.50
2016-08-18,966815.00
2016-08-19,966175.22
2016-08-22,964033.03
2016-08-23,965437.62
2016-08-24,964023.27
2016-08-25,962535.39
2016-08-26,960872.14
2016-08-29,959051.15
2016-08-30,959540.79
2016-08-31,960462.67
2016-09-01,959509.55
2016-09-02,961118.11
2016-09-05,963710.48
2016-09-06,967012.04
2016-09-07,965552.23
2016-09-08,964768.80
2016-09-09,963099.52
2016-09-12,957368.47
2016-09-13,956576.14
2016-09-14,952208.11
2016-09-19,956058.31
2016-09-20,956413.43
2016-09-21,956530.16
2016-09-22,958263.18
2016-09-23,957999.72
2016-09-26,954206.68
2016-09-27,957015.85
2016-09-28,955741.76
2016-09-29,960009.64
2016-09-30,960984.23
2016-10-10,966359.35
2016-10-11,965289.31
2016-10-12,962561.96
2016-10-13,965362.22
2016-10-14,965450.74
2016-10-17,961470.90
2016-10-18,966336.04
2016-10-19,965799.12
2016-10-20,965405.42
2016-10-21,969364.14
2016-10-24,975148.80
2016-10-25,976120.14
2016-10-26,975654.54
2016-10-27,962053.45
2016-10-28,959982.49
2016-10-31,962759.57
2016-11-01,963412.04
2016-11-02,959942.17
2016-11-03,960096.74
2016-11-04,958935.54
2016-11-07,957423.60
2016-11-08,961432.66
2016-11-09,955814.78
2016-11-10,962119.49
2016-11-11,962241.47
2016-11-14,962263.20
2016-11-15,960761.05
2016-11-16,960108.65
2016-11-17,961201.84
2016-11-18,957438.83
2016-11-21,958518.82
2016-11-22,959290.08
2016-11-23,964872.15
2016-11-24,973514.74
2016-11-25,978874.34
2016-11-28,980657.48
2016-11-29,992436.24
2016-11-30,985181.38
2016-12-01,990677.58
2016-12-02,984522.71
2016-12-05,977240.31
2016-12-06,976191.35
2016-12-07,976718.89
2016-12-08,975772.73
2016-12-09,981112.84
2016-12-12,972562.79
2016-12-13,967397.22
2016-12-14,962224.40
2016-12-15,953635.26
2016-12-16,954843.08
2016-12-19,958676.36
2016-12-20,954073.14
2016-12-21,956744.67
2016-12-22,956642.75
2016-12-23,952967.84
2016-12-26,952941.57
2016-12-27,952751.78
2016-12-28,950894.51
2016-12-29,953239.79
2016-12-30,957475.14
2017-01-03,961434.76
2017-01-04,962605.81
2017-01-05,963400.76
2017-01-06,959692.00
2017-01-09,960591.97
2017-01-10,961401.72
2017-01-11,958536.01
2017-01-12,955037.67
2017-01-13,954201.23
2017-01-16,957008.61
2017-01-17,957688.26
2017-01-18,964162.38
2017-01-19,962296.72
2017-01-20,965530.97
2017-01-23,965057.77
2017-01-24,970281.38
2017-01-25,971334.60
2017-01-26,970871.85
2017-02-03,965443.37
2017-02-06,966146.45
2017-02-07,965736.83
2017-02-08,967609.03
2017-02-09,967536.60
2017-02-10,968762.08
2017-02-13,972512.77
2017-02-14,973912.68
2017-02-15,972384.16
2017-02-16,972724.91
2017-02-17,971027.81
2017-02-20,979510.28
2017-02-21,979428.82
2017-02-22,980237.49
2017-02-23,980275.81
2017-02-24,978018.44
2017-02-27,972411.80
2017-02-28,972725.47
2017-03-01,974111.56
2017-03-02,971241.28
2017-03-03,970643.97
2017-03-06,970130.69
2017-03-07,973484.82
2017-03-08,971336.68
2017-03-09,969896.20
2017-03-10,970148.50
2017-03-13,976312.72
2017-03-14,976901.76
2017-03-15,978943.35
2017-03-16,976917.60
2017-03-17,972848.38
2017-03-20,978715.89
2017-03-21,983780.46
2017-03-22,982785.83
2017-03-23,988001.10
2017-03-24,989204.63
2017-03-27,992547.41
2017-03-28,992147.50
2017-03-29,990823.06
2017-03-30,988443.96
2017-03-31,994554.30
2017-04-05,998382.48
2017-04-06,998390.97
2017-04-07,999501.43
2017-04-10,999208.00
2017-04-11,997486.57
2017-04-12,996419.78
2017-04-13,997287.91
2017-04-14,992567.43
2017-04-17,993433.90
2017-04-18,994328.36
2017-04-19,993900.99
2017-04-20,998817.42
2017-04-21,1000309.32
2017-04-24,999634.42
2017-04-25,998395.15
2017-04-26,1001894.28
2017-04-27,999632.51
2017-04-28,986752.84
2017-05-02,981686.34
2017-05-03,981750.28
2017-05-04,979642.27
2017-05-05,975731.55
2017-05-08,972952.60
2017-05-09,973467.40
2017-05-10,972264.31
2017-05-11,976236.91
2017-05-12,973651.34
2017-05-15,973153.15
2017-05-16,976831.01
2017-05-17,981868.37
2017-05-18,978550.06
2017-05-19,980231.42
2017-05-22,978965.18
2017-05-23,989082.49
2017-05-24,990447.37
2017-05-25,993855.56
2017-05-26,1000768.07
2017-05-31,1002565.66
2017-06-01,1000754.39
2017-06-02,997351.48
2017-06-05,989646.56
2017-06-06,990667.25
2017-06-07,993643.92
2017-06-08,1003872.80
2017-06-09,1004101.50
2017-06-12,1007338.72
2017-06-13,1008406.98
2017-06-14,1002798.46
2017-06-15,996952.45
2017-06-16,995541.84
2017-06-19,996827.28
2017-06-20,996936.83
2017-06-21,1005152.75
2017-06-22,1005690.07
2017-06-23,1007498.43
2017-06-26,1011441.45
2017-06-27,1013775.59
2017-06-28,1013236.03
2017-06-29,1019092.47
2017-06-30,1019634.00
2017-07-03,1018668.37
2017-07-04,1013404.31
2017-07-05,1017216.57
2017-07-06,1019798.63
2017-07-07,1028917.35
2017-07-10,1027502.32
2017-07-11,1030395.84
2017-07-12,1028709.09
2017-07-13,1029264.31
2017-07-14,1028936.95
2017-07-17,1030497.62
2017-07-18,1027178.75
2017-07-19,1031063.74
2017-07-20,1031709.33
2017-07-21,1030467.85
2017-07-24,1034532.14
2017-07-25,1029840.95
2017-07-26,1025519.71
2017-07-27,1025055.32
2017-07-28,1024352.15
2017-07-31,1022782.28
2017-08-01,1029172.23
2017-08-02,1024663.96
2017-08-03,1022452.18
2017-08-04,1019440.68
2017-08-07,1022973.47
2017-08-08,1024287.61
2017-08-09,1027187.85
2017-08-10,1024329.81
2017-08-11,1019244.07
2017-08-14,1018820.57
2017-08-15,1028176.18
2017-08-16,1026563.36
2017-08-17,1025788.10
2017-08-18,1027075.57
2017-08-21,1026302.07
2017-08-22,1027592.22
2017-08-23,1030068.40
2017-08-24,1036596.83
2017-08-25,1042928.15
2017-08-28,1042492.46
2017-08-29,1042713.46
2017-08-30,1041129.28
2017-08-31,1037315.17
2017-09-01,1035447.46
2017-09-04,1042337.20
2017-09-05,1044504.74
2017-09-06,1045043.05
2017-09-07,1044354.95
2017-09-08,1042829.59
2017-09-11,1041000.39
2017-09-12,1043063.44
2017-09-13,1044267.72
2017-09-14,1043812.84
2017-09-15,1046078.33
2017-09-18,1046124.88
2017-09-19,1044828.58
2017-09-20,1048082.71
2017-09-21,1049742.69
2017-09-22,1055257.60
2017-09-25,1054661.17
2017-09-26,1051563.10
2017-09-27,1057428.88
2017-09-28,1061762.40
2017-09-29,1062677.91
2017-10-09,1060515.79
2017-10-10,1065719.61
2017-10-11,1070431.98
2017-10-12,1066339.05
2017-10-13,1061581.88
2017-10-16,1059482.93
2017-10-17,1059574.84
2017-10-18,1064256.61
2017-10-19,1072278.61
2017-10-20,1070280.71
2017-10-23,1071087.39
2017-10-24,1074201.09
2017-10-25,1072889.43
2017-10-26,1068298.30
2017-10-27,1072343.08
2017-10-30,1072803.40
2017-10-31,1076280.80
2017-11-01,1075160.32
2017-11-02,1076280.58
2017-11-03,1086968.50
2017-11-06,1089112.56
2017-11-07,1087693.84
2017-11-08,1086057.27
2017-11-09,1081775.09
2017-11-10,1089179.99
2017-11-13,1082629.74
2017-11-14,1076468.53
2017-11-15,1075874.53
2017-11-16,1080557.50
2017-11-17,1077723.96
2017-11-20,1078308.51
2017-11-21,1087386.16
2017-11-22,1088915.23
2017-11-23,1078319.75
2017-11-24,1080966.97
2017-11-27,1074163.23
2017-11-28,1070858.60
2017-11-29,1061384.53
2017-11-30,1060295.97
2017-12-01,1059307.66
2017-12-04,1060970.59
2017-12-05,1063982.68
2017-12-06,1063369.53
2017-12-07,1061430.49
2017-12-08,1064048.08
2017-12-11,1071018.52
2017-12-12,1068641.08
2017-12-13,1074424.24
2017-12-14,1074414.51
2017-12-15,1071606.99
2017-12-18,1071422.50
2017-12-19,1078581.19
2017-12-20,1079070.33
2017-12-21,1082650.49
2017-12-22,1081561.70
2017-12-25,1084284.46
2017-12-26,1079820.77
2017-12-27,1075021.21
2017-12-28,1077662.74
2017-12-29,1077533.58
2018-01-02,1086840.19
2018-01-03,1087709.68
2018-01-04,1092803.45
2018-01-05,1092182.96
2018-01-08,1089629.51
2018-01-09,1086905.12
2018-01-10,1097257.21
2018-01-11,1092551.43
2018-01-12,1094727.58
2018-01-15,1105567.23
2018-01-16,1112256.45
2018-01-17,1105770.95
2018-01-18,1111192.18
2018-01-19,1107359.88
2018-01-22,1114493.87
2018-01-23,1113927.38
2018-01-24,1107435.40
2018-01-25,1103646.05
2018-01-26,1109341.55
2018-01-29,1100840.98
2018-01-30,1099584.21
2018-01-31,1100957.43
2018-02-01,1100989.37
2018-02-02,1107741.38
2018-02-05,1106409.67
2018-02-06,1099960.11
2018-02-07,1085671.05
2018-02-08,1081800.39
2018-02-09,1077460.87
2018-02-12,1090425.82
2018-02-13,1092826.83
2018-02-14,1091779.76
2018-02-22,1102599.05
2018-02-23,1100323.29
2018-02-26,1104862.02
2018-02-27,1097252.18
2018-02-28,1097438.80
2018-03-01,1100236.43
2018-03-02,1103342.22
2018-03-05,1099060.81
2018-03-06,1105086.97
2018-03-07,1100619.50
2018-03-08,1104948.75
2018-03-09,1108603.50
2018-03-12,1109525.89
2018-03-13,1104901.12
2018-03-14,1110262.66
2018-03-15,1109320.73
2018-03-16,1104697.61
2018-03-19,1103474.70
2018-03-20,1104124.91
2018-03-21,1101977.94
2018-03-22,1094158.33
2018-03-23,1090556.48
2018-03-26,1079095.16
2018-03-27,1079457.05
2018-03-28,1073954.60
2018-03-29,1080162.61
2018-03-30,1081382.41
2018-04-02,1074784.24
2018-04-03,1071885.80
2018-04-04,1080868.08
2018-04-09,1078906.33
2018-04-10,1085014.73
2018-04-11,1088270.35
2018-04-12,1085594.45
2018-04-13,1081165.01
2018-04-16,1083587.84
2018-04-17,1078077.72
2018-04-18,1077089.44
2018-04-19,1084977.99
2018-04-20,1084297.24
2018-04-23,1082331.67
2018-04-24,1086719.97
2018-04-25,1089173.44
2018-04-26,1087521.36
2018-04-27,1085237.93
2018-05-02,1084012.76
2018-05-03,1082833.13
2018-05-04,1079071.70
2018-05-07,1086752.15
2018-05-08,1092812.00
2018-05-09,1092785.86
2018-05-10,1099432.90
2018-05-11,1097836.20
2018-05-14,1104974.92
2018-05-15,1105984.43
2018-05-16,1106924.74
2018-05-17,1104277.72
2018-05-18,1110881.84
2018-05-21,1108609.61
2018-05-22,1108411.43
2018-05-23,1103160.57
2018-05-24,1097501.84
2018-05-25,1100463.88
2018-05-28,1111041.92
2018-05-29,1111929.85
2018-05-30,1117269.12
2018-05-31,1130013.91
2018-06-01,1123712.94
2018-06-04,1129375.63
2018-06-05,1129686.19
2018-06-06,1126691.04
2018-06-07,1125975.66
2018-06-08,1121257.43
2018-06-11,1120077.53
2018-06-12,1125548.90
2018-06-13,1118567.37
2018-06-14,1118923.72
2018-06-15,1117130.25
2018-06-19,1110669.76
2018-06-20,1111158.84
2018-06-21,1110580.40
2018-06-22,1111679.81
2018-06-25,1108279.59
2018-06-26,1103391.91
2018-06-27,1096024.01
2018-06-28,1091461.67
2018-06-29,1100128.34
2018-07-02,1086418.25
2018-07-03,1086254.50
2018-07-04,1086890.68
2018-07-05,1093970.98
2018-07-06,1093442.97
2018-07-09,1112134.88
2018-07-10,1114353.21
2018-07-11,1103455.93
2018-07-12,1111061.71
2018-07-13,1111389.95
2018-07-16,1105870.38
2018-07-17,1100027.79
2018-07-18,1104238.93
2018-07-19,1105684.45
2018-07-20,1125036.64
2018-07-23,1127628.75
2018-07-24,1130834.91
2018-07-25,1129969.42
2018-07-26,1127108.53
2018-07-27,1129038.47
2018-07-30,1133147.74
2018-07-31,1138832.58
2018-08-01,1132080.84
2018-08-02,1117751.66
2018-08-03,1113372.40
2018-08-06,1106829.59
2018-08-07,1118090.78
2018-08-08,1110340.90
2018-08-09,1118407.24
2018-08-10,1117440.70
2018-08-13,1112974.73
2018-08-14,1112239.28
2018-08-15,1108221.34
2018-08-16,1098691.51
2018-08-17,1096939.16
2018-08-20,1105967.35
2018-08-21,1109295.15
2018-08-22,1107839.69
2018-08-23,1108441.10
2018-08-24,1110853.22
2018-08-27,1121004.49
2018-08-28,1121496.03
2018-08-29,1117904.13
2018-08-30,1113475.65
2018-08-31,1112889.15
2018-09-03,1112842.86
2018-09-04,1117347.33
2018-09-05,1110410.03
2018-09-06,1106018.04
2018-09-07,1109548.83
2018-09-10,1107635.93
2018-09-11,1106311.52
2018-09-12,1104494.03
2018-09-13,1111099.93
2018-09-14,1112922.86
2018-09-17,1109577.83
2018-09-18,1115462.88
2018-09-19,1118540.63
2018-09-20,1123204.33
2018-09-21,1150635.02
2018-09-25,1143745.24
2018-09-26,1145674.48
2018-09-27,1144684.45
2018-09-28,1152083.27
2018-10-08,1131219.12
2018-10-09,1126926.06
2018-10-10,1128540.64
2018-10-11,1104761.93
2018-10-12,1115739.09
2018-10-15,1104188.01
2018-10-16,1107185.54
2018-10-17,1112909.78
2018-10-18,1098155.27
2018-10-19,1115346.03
2018-10-22,1134529.64
2018-10-23,1116863.93
2018-10-24,1117446.05
2018-10-25,1119571.33
2018-10-26,1121876.24
2018-10-29,1104372.28
2018-10-30,1108812.26
2018-10-31,1113896.25
2018-11-01,1106390.51
2018-11-02,1118173.11
2018-11-05,1113592.84
2018-11-06,1108243.19
2018-11-07,1105094.07
2018-11-08,1107627.85
2018-11-09,1091116.93
2018-11-12,1092379.33
2018-11-13,1094121.49
2018-11-14,1084525.63
2018-11-15,1088291.64
2018-11-16,1090599.13
2018-11-19,1095762.40
2018-11-20,1083668.28
2018-11-21,1083883.28
2018-11-22,1081230.67
2018-11-23,1073134.35
2018-11-26,1074257.56
2018-11-27,1072151.21
2018-11-28,1074644.91
2018-11-29,1068674.62
2018-11-30,1074553.89
2018-12-03,1094101.43
2018-12-04,1096734.55
2018-12-05,1094098.51
2018-12-06,1083710.96
2018-12-07,1086113.09
2018-12-10,1085140.64
2018-12-11,1082958.91
2018-12-12,1087863.53
2018-12-13,1095145.99
2018-12-14,1090328.32
2018-12-17,1093801.21
2018-12-18,1087906.09
2018-12-19,1084274.80
2018-12-20,1079206.29
2018-12-21,1081135.74
2018-12-24,1084641.72
2018-12-25,1083033.08
2018-12-26,1087635.05
2018-12-27,1081745.09
2018-12-28,1079547.29
2019-01-02,1069095.12
2019-01-03,1068373.10
2019-01-04,1079333.77
2019-01-07,1092104.65
2019-01-08,1094810.39
2019-01-09,1101748.48
2019-01-10,1096430.57
2019-01-11,1100070.66
2019-01-14,1093503.29
2019-01-15,1104303.71
2019-01-16,1109314.51
2019-01-17,1102707.02
2019-01-18,1109016.14
2019-01-21,1113213.24
2019-01-22,1106345.51
2019-01-23,1109039.68
2019-01-24,1112991.99
2019-01-25,1115459.48
2019-01-28,1115778.15
2019-01-29,1125305.79
2019-01-30,1121633.66
2019-01-31,1135387.68
2019-02-01,1137967.22
2019-02-11,1141935.39
2019-02-12,1142851.84
2019-02-13,1150173.83
2019-02-14,1150384.38
2019-02-15,1140217.13
2019-02-18,1150756.30
2019-02-19,1147299.58
2019-02-20,1147700.54
2019-02-21,1144298.67
2019-02-22,1146120.87
2019-02-25,1168496.53
2019-02-26,1159140.85
2019-02-27,1163718.49
2019-02-28,1169086.95
2019-03-01,1172550.97
2019-03-04,1180378.56
2019-03-05,1179323.26
2019-03-06,1179501.56
2019-03-07,1170491.78
2019-03-08,1153804.36
2019-03-11,1160715.33
2019-03-12,1180480.32
2019-03-13,1169504.94
2019-03-14,1167569.16
2019-03-15,1170660.45
2019-03-18,1183150.53
2019-03-19,1180163.92
2019-03-20,1186304.52
2019-03-21,1186340.99
2019-03-22,1181250.70
2019-03-25,1168884.17
2019-03-26,1160221.18
2019-03-27,1168025.85
2019-03-28,1161292.32
2019-03-29,1174838.92
2019-04-01,1185782.81
2019-04-02,1182475.22
2019-04-03,1185004.60
2019-04-04,1190272.06
2019-04-08,1196315.81
2019-04-09,1198124.75
2019-04-10,1198215.02
2019-04-11,1188387.94
2019-04-12,1187643.45
2019-04-15,1185464.30
2019-04-16,1193722.07
2019-04-17,1197644.49
2019-04-18,1194241.04
2019-04-19,1193241.87
2019-04-22,1188072.35
2019-04-23,1191478.28
2019-04-24,1190306.84
2019-04-25,1184025.39
2019-04-26,1173873.93
2019-04-29,1179265.46
2019-04-30,1192831.13
2019-05-06,1170808.37
2019-05-07,1180420.04
2019-05-08,1172679.53
2019-05-09,1167709.55
2019-05-10,1176658.00
2019-05-13,1170043.72
2019-05-14,1169425.01
2019-05-15,1175516.88
2019-05-16,1177704.98
2019-05-17,1170566.69
2019-05-20,1171367.57
2019-05-21,1174945.04
2019-05-22,1172700.37
2019-05-23,1169190.70
2019-05-24,1167127.49
2019-05-27,1170945.81
2019-05-28,1175718.76
2019-05-29,1172529.73
2019-05-30,1175868.72
2019-05-31,1173090.57
2019-06-03,1175219.69
2019-06-04,1171631.25
2019-06-05,1163865.28
2019-06-06,1161320.10
2019-06-10,1170145.82
2019-06-11,1180660.39
2019-06-12,1174275.84
2019-06-13,1168971.85
2019-06-14,1164276.61
2019-06-17,1166283.57
2019-06-18,1170958.77
2019-06-19,1176929.37
2019-06-20,1186978.66
2019-06-21,1191756.03
2019-06-24,1189917.51
2019-06-25,1184751.53
2019-06-26,1191059.44
2019-06-27,1193636.97
2019-06-28,1194381.61
2019-07-01,1201932.22
2019-07-02,1201018.04
2019-07-03,1202277.10
2019-07-04,1204942.72
2019-07-05,1203951.88
2019-07-08,1178012.26
2019-07-09,1175095.47
2019-07-10,1171309.24
2019-07-11,1168352.43
2019-07-12,1172860.28
2019-07-15,1175116.00
2019-07-16,1173705.75
2019-07-17,1172667.48
2019-07-18,1162576.28
2019-07-19,1169115.61
2019-07-22,1161328.28
2019-07-23,1168596.63
2019-07-24,1181880.51
2019-07-25,1183703.59
2019-07-26,1183783.14
2019-07-29,1190707.53
2019-07-30,1204041.61
2019-07-31,1199677.42
2019-08-01,1191042.52
2019-08-02,1170151.31
2019-08-05,1143108.12
2019-08-06,1125855.84
2019-08-07,1121245.34
2019-08-08,1133255.26
2019-08-09,1122345.10
2019-08-12,1127288.60
2019-08-13,1120404.32
2019-08-14,1125112.00
2019-08-15,1121804.12
2019-08-16,1123349.04
2019-08-19,1134660.84
2019-08-20,1131899.72
2019-08-21,1128978.73
2019-08-22,1129298.27
2019-08-23,1134640.70
2019-08-26,1125857.09
2019-08-27,1136892.01
2019-08-28,1138670.41
2019-08-29,1137909.59
2019-08-30,1137641.70
2019-09-02,1145138.72
2019-09-03,1142499.63
2019-09-04,1152545.05
2019-09-05,1165174.33
2019-09-06,1172427.18
2019-09-09,1177268.71
2019-09-10,1175402.14
2019-09-11,1176782.52
2019-09-12,1180652.19
2019-09-16,1186979.51
2019-09-17,1174383.91
2019-09-18,1174572.09
2019-09-19,1181551.38
2019-09-20,1176665.81
2019-09-23,1162441.46
2019-09-24,1163984.21
2019-09-25,1159912.99
2019-09-26,1166028.66
2019-09-27,1165271.79
2019-09-30,1163227.13
2019-10-08,1169251.68
2019-10-09,1176561.17
2019-10-10,1179750.82
2019-10-11,1188300.62
2019-10-14,1201109.40
2019-10-15,1198540.65
2019-10-16,1193543.59
2019-10-17,1190554.39
2019-10-18,1178472.51
2019-10-21,1185293.41
2019-10-22,1187834.85
2019-10-23,1190275.08
2019-10-24,1192456.89
2019-10-25,1192640.66
2019-10-28,1195025.71
2019-10-29,1194995.87
2019-10-30,1196421.55
2019-10-31,1194842.12
2019-11-01,1210151.67
2019-11-04,1210595.52
2019-11-05,1217112.58
2019-11-06,1219276.34
2019-11-07,1232231.47
2019-11-08,1228771.93
2019-11-11,1210180.80
2019-11-12,1214664.10
2019-11-13,1217187.76
2019-11-14,1212184.13
2019-11-15,1208727.91
2019-11-18,1216298.76
2019-11-19,1217284.77
2019-11-20,1211519.39
2019-11-21,1207828.21
2019-11-22,1199675.43
2019-11-25,1208409.59
2019-11-26,1210834.85
2019-11-27,1206549.98
2019-11-28,1205686.14
2019-11-29,1205635.77
2019-12-02,1203127.57
2019-12-03,1207250.21
2019-12-04,1201526.65
2019-12-05,1202946.34
2019-12-06,1208156.42
2019-12-09,1211072.94
2019-12-10,1206632.53
2019-12-11,1209389.22
2019-12-12,1212316.59
2019-12-13,1222190.04
2019-12-16,1225682.61
2019-12-17,1234508.51
2019-12-18,1229862.21
2019-12-19,1232889.38
2019-12-20,1233843.06
2019-12-23,1220197.36
2019-12-24,1220760.09
2019-12-25,1217893.53
2019-12-26,1224606.85
2019-12-27,1224784.34
2019-12-30,1229695.94
2019-12-31,1235495.79
2020-01-02,1248608.87
2020-01-03,1247378.02
2020-01-06,1244018.74
2020-01-07,1246646.99
2020-01-08,1239476.90
2020-01-09,1243273.41
2020-01-10,1242413.57
2020-01-13,1246519.40
2020-01-14,1246152.92
2020-01-15,1242256.48
2020-01-16,1239808.58
2020-01-17,1239398.31
2020-01-20,1241356.91
2020-01-21,1234356.83
2020-01-22,1233408.09
2020-01-23,1219068.77
2020-02-03,1176196.30
2020-02-04,1185130.13
2020-02-05,1189502.25
2020-02-06,1197035.64
2020-02-07,1201852.74
2020-02-10,1199657.45
2020-02-11,1201455.29
2020-02-12,1203783.07
2020-02-13,1198057.23
2020-02-14,1201791.83
2020-02-17,1212855.14
2020-02-18,1207380.75
2020-02-19,1203991.89
2020-02-20,1212784.80
2020-02-21,1212336.79
2020-02-24,1204912.52
2020-02-25,1195839.73
2020-02-26,1197872.33
2020-02-27,1195830.39
2020-02-28,1177396.67
2020-03-02,1193205.27
2020-03-03,1195160.41
2020-03-04,1198273.95
2020-03-05,1208482.25
2020-03-06,1201230.39
2020-03-09,1187904.96
2020-03-10,1193076.73
2020-03-11,1187149.69
2020-03-12,1179279.20
2020-03-13,1168964.18
2020-03-16,1160547.47
2020-03-17,1157662.43
2020-03-18,1147238.74
2020-03-19,1137648.25
2020-03-20,1148291.98
2020-03-23,1134425.29
2020-03-24,1144155.96
2020-03-25,1154832.78
2020-03-26,1150901.53
2020-03-27,1153923.18
2020-03-30,1149806.72
2020-03-31,1148169.32
2020-04-01,1144532.78
2020-04-02,1150657.22
2020-04-03,1147996.91
2020-04-07,1158869.32
2020-04-08,1158051.32
2020-04-09,1157642.67
2020-04-10,1153244.85
2020-04-13,1148276.13
2020-04-14,1155385.32
2020-04-15,1154024.55
2020-04-16,1152963.83
2020-04-17,1156646.80
2020-04-20,1159844.06
2020-04-21,1153186.24
2020-04-22,1152026.17
2020-04-23,1152344.29
2020-04-24,1147749.82
2020-04-27,1151608.59
2020-04-28,1146125.31
2020-04-29,1162338.83
2020-04-30,1172841.01
2020-05-06,1171065.28
2020-05-07,1173187.87
2020-05-08,1178915.83
2020-05-11,1196301.86
2020-05-12,1186193.67
2020-05-13,1181094.42
2020-05-14,1172306.74
2020-05-15,1171989.38
2020-05-18,1169400.02
2020-05-19,1173921.77
2020-05-20,1166234.05
2020-05-21,1164594.72
2020-05-22,1148993.27
2020-05-25,1149892.31
2020-05-26,1156303.26
2020-05-27,1168775.71
2020-05-28,1165606.50
2020-05-29,1157637.82
2020-06-01,1170665.05
2020-06-02,1173450.23
2020-06-03,1173649.13
2020-06-04,1167435.01
2020-06-05,1166264.88
2020-06-08,1175123.93
2020-06-09,1179907.98
2020-06-10,1179127.22
2020-06-11,1167598.03
2020-06-12,1170663.97
2020-06-15,1170303.00
2020-06-16,1176255.92
2020-06-17,1186148.58
2020-06-18,1185895.16
2020-06-19,1190633.59
2020-06-22,1190606.89
2020-06-23,1182898.41
2020-06-24,1180619.75
2020-06-29,1173114.70
2020-06-30,1186749.21
2020-07-01,1196324.99
2020-07-02,1219702.81
2020-07-03,1260616.74
2020-07-06,1337819.85
2020-07-07,1325807.13
2020-07-08,1333758.46
2020-07-09,1343653.30
2020-07-10,1315102.76
2020-07-13,1336645.34
2020-07-14,1333222.10
2020-07-15,1341816.42
2020-07-16,1285206.59
2020-07-17,1286173.05
2020-07-20,1333840.81
2020-07-21,1347811.03
2020-07-22,1371364.11
2020-07-23,1376198.38
2020-07-24,1372919.61
2020-07-27,1385578.73
2020-07-28,1422765.81
2020-07-29,1471730.59
2020-07-30,1507341.66
2020-07-31,1554678.20
2020-08-03,1623582.39
2020-08-04,1607169.61
2020-08-05,1598538.80
2020-08-06,1599613.74
2020-08-07,1589491.94
2020-08-10,1596007.58
2020-08-11,1593169.47
2020-08-12,1597605.76
2020-08-13,1596327.03
2020-08-14,1604092.87
2020-08-17,1626527.75
2020-08-18,1622905.58
2020-08-19,1613964.76
2020-08-20,1604826.99
2020-08-21,1609901.95
2020-08-24,1606711.88
2020-08-25,1603292.56
2020-08-26,1592625.22
2020-08-27,1595665.98
2020-08-28,1607270.49
2020-08-31,1607210.19
2020-09-01,1608123.63
2020-09-02,1601797.99
2020-09-03,1599911.86
2020-09-04,1597532.10
2020-09-07,1593729.52
2020-09-08,1602543.77
2020-09-09,1594744.69
2020-09-10,1590319.27
2020-09-11,1588653.36
2020-09-14,1589150.89
2020-09-15,1588015.24
2020-09-16,1591227.50
2020-09-17,1591302.66
2020-09-18,1602451.36
2020-09-21,1597615.90
2020-09-22,1589167.93
2020-09-23,1587260.86
2020-09-24,1577263.33
2020-09-25,1577595.82
2020-09-28,1580302.01
2020-09-29,1579827.90
2020-09-30,1578391.40
2020-10-09,1587148.91
2020-10-12,1600653.99
2020-10-13,1602099.96
2020-10-14,1601828.66
2020-10-15,1603020.10
2020-10-16,1608046.02
2020-10-19,1607568.38
2020-10-20,1604918.19
2020-10-21,1610993.36
2020-10-22,1609422.22
2020-10-23,1609982.80
2020-10-26,1602494.95
2020-10-27,1598985.20
2020-10-28,1593292.09
2020-10-29,1591751.51
2020-10-30,1586675.07
2020-11-02,1583912.25
2020-11-03,1590619.57
2020-11-04,1597059.55
2020-11-05,1601784.80
2020-11-06,1604660.36
2020-11-09,1609725.50
2020-11-10,1606844.90
2020-11-11,1612019.27
2020-11-12,1607225.37
2020-11-13,1599268.08
2020-11-16,1605425.32
2020-11-17,1607869.54
2020-11-18,1615137.23
2020-11-19,1615841.48
2020-11-20,1613685.52
2020-11-23,1624343.09
2020-11-24,1620421.62
2020-11-25,1619146.82
2020-11-26,1626134.58
2020-11-27,1640728.11
2020-11-30,1636736.14
2020-12-01,1650692.08
2020-12-02,1651372.58
2020-12-03,1648819.29
2020-12-04,1642975.45
2020-12-07,1631303.61
2020-12-08,1627328.95
2020-12-09,1626055.74
2020-12-10,1625682.59
2020-12-11,1617021.24
2020-12-14,1612558.96
2020-12-15,1606202.43
2020-12-16,1604334.44
2020-12-17,1608009.20
2020-12-18,1608592.83
2020-12-21,1605838.57
2020-12-22,1594738.18
2020-12-23,1593541.34
2020-12-24,1590823.62
2020-12-25,1594092.76
2020-12-28,1591772.32
2020-12-29,1591844.28
2020-12-30,1590783.95
2020-12-31,1596630.53
2021-01-04,1593623.96
2021-01-05,1594885.66
2021-01-06,1595062.79
2021-01-07,1589829.97
2021-01-08,1597233.21
2021-01-11,1590082.12
2021-01-12,1591924.21
2021-01-13,1595049.68
2021-01-14,1597355.47
2021-01-15,1605592.45
2021-01-18,1608007.41
2021-01-19,1617444.58
2021-01-20,1606671.97
2021-01-21,1607177.01
2021-01-22,1594755.18
2021-01-25,1587008.54
2021-01-26,1582394.48
2021-01-27,1587570.99
2021-01-28,1584427.60
2021-01-29,1586437.60
2021-02-01,1591545.65
2021-02-02,1598155.58
2021-02-03,1591486.74
2021-02-04,1586878.77
2021-02-05,1597815.44
2021-02-08,1599507.63
2021-02-09,1602216.41
2021-02-10,1612832.71
2021-02-18,1623067.04
2021-02-19,1641409.85
2021-02-22,1647661.38
2021-02-23,1640845.53
2021-02-24,1633135.66
2021-02-25,1643986.82
2021-02-26,1627058.86
2021-03-01,1633155.19
2021-03-02,1627062.25
2021-03-03,1642110.28
2021-03-04,1644129.85
2021-03-05,1653861.98
2021-03-08,1651716.56
2021-03-09,1643427.69
2021-03-10,1636949.35
2021-03-11,1647729.51
2021-03-12,1652747.37
2021-03-15,1663157.40
2021-03-16,1667059.24
2021-03-17,1661200.43
2021-03-18,1657105.59
2021-03-19,1646365.64
2021-03-22,1650810.09
2021-03-23,1649256.47
2021-03-24,1639828.80
2021-03-25,1639610.06
2021-03-26,1642567.20
2021-03-29,1651399.71
2021-03-30,1657434.84
2021-03-31,1656510.89
2021-04-01,1653820.37
2021-04-02,1647188.49
2021-04-06,1644776.47
2021-04-07,1646851.65
2021-04-08,1634262.54
2021-04-09,1630342.96
2021-04-12,1630060.75
2021-04-13,1624058.49
2021-04-14,1617982.21
2021-04-15,1614085.83
2021-04-16,1627816.88
2021-04-19,1626139.38
2021-04-20,1617895.55
2021-04-21,1612938.54
2021-04-22,1611237.68
2021-04-23,1603880.77
2021-04-26,1597759.40
2021-04-27,1593091.55
2021-04-28,1594054.07
2021-04-29,1597969.09
2021-04-30,1583809.27
2021-05-06,1581627.35
2021-05-07,1588189.52
2021-05-10,1591211.56
2021-05-11,1588856.20
2021-05-12,1589834.98
2021-05-13,1589227.49
2021-05-14,1598515.23
2021-05-17,1597654.81
2021-05-18,1597623.90
2021-05-19,1595842.26
2021-05-20,1598260.46
2021-05-21,1598436.39
2021-05-24,1595621.93
2021-05-25,1604504.40
2021-05-26,1604572.29
2021-05-27,1598365.57
2021-05-28,1593668.57
2021-05-31,1590108.66
2021-06-01,1586834.23
2021-06-02,1586001.22
2021-06-03,1587881.57
2021-06-04,1594212.24
2021-06-07,1589574.38
2021-06-08,1587447.61
2021-06-09,1580947.80
2021-06-10,1574823.21
2021-06-11,1568131.20
2021-06-15,1559688.49
2021-06-16,1558803.30
2021-06-17,1552145.35
2021-06-18,1533441.02
2021-06-21,1527668.58
2021-06-22,1532554.50
2021-06-23,1538178.85
2021-06-24,1542626.58
2021-06-25,1550258.38
2021-06-28,1550689.61
2021-06-29,1541784.14
2021-06-30,1542818.33
2021-07-01,1550533.14
2021-07-02,1541852.60
2021-07-05,1540826.25
2021-07-06,1548456.34
2021-07-07,1546261.58
2021-07-08,1533115.56
2021-07-09,1528889.09
2021-07-12,1524221.72
2021-07-13,1529919.90
2021-07-14,1521244.73
2021-07-15,1538514.81
2021-07-16,1541530.04
2021-07-19,1533882.10
2021-07-20,1525770.76
2021-07-21,1517910.57
2021-07-22,1521763.28
2021-07-23,1513099.96
2021-07-26,1489881.77
2021-07-27,1472222.94
2021-07-28,1473261.16
2021-07-29,1462695.31
2021-07-30,1456511.67
2021-08-02,1467114.47
2021-08-03,1466475.22
2021-08-04,1459932.65
2021-08-05,1460278.63
2021-08-06,1458017.90
2021-08-09,1483225.86
2021-08-10,1494488.20
2021-08-11,1503876.91
2021-08-12,1494468.69
2021-08-13,1491660.93
2021-08-16,1501994.64
2021-08-17,1493893.80
2021-08-18,1490919.66
2021-08-19,1474740.22
2021-08-20,1471504.54
2021-08-23,1476468.38
2021-08-24,1481895.47
2021-08-25,1483624.09
2021-08-26,1481828.63
2021-08-27,1481569.23
2021-08-30,1487199.56
2021-08-31,1517475.80
2021-09-01,1536956.97
2021-09-02,1548061.18
2021-09-03,1556803.91
2021-09-06,1577178.72
2021-09-07,1589996.49
2021-09-08,1599831.47
2021-09-09,1622115.00
2021-09-10,1617639.38
2021-09-13,1628800.61
2021-09-14,1597541.17
2021-09-15,1585895.74
2021-09-16,1584255.69
2021-09-17,1578378.81
2021-09-22,1584910.22
2021-09-23,1592475.01
2021-09-24,1577048.22
2021-09-27,1577801.42
2021-09-28,1588615.58
2021-09-29,1585905.86
2021-09-30,1581768.20
2021-10-08,1597710.24
2021-10-11,1608066.94
2021-10-12,1598057.26
2021-10-13,1588325.63
2021-10-14,1578222.75
2021-10-15,1579498.77
2021-10-18,1578984.49
2021-10-19,1608213.89
2021-10-20,1594338.33
2021-10-21,1613146.37
2021-10-22,1611681.80
2021-10-25,1601567.39
2021-10-26,1584267.58
2021-10-27,1568429.67
2021-10-28,1567399.38
2021-10-29,1575652.02
2021-11-01,1585330.70
2021-11-02,1579917.40
2021-11-03,1589639.43
2021-11-04,1585835.97
2021-11-05,1572843.02
2021-11-08,1574455.56
2021-11-09,1566366.49
2021-11-10,1553182.39
2021-11-11,1581428.58
2021-11-12,1566764.86
2021-11-15,1583407.09
2021-11-16,1579000.76
2021-11-17,1575891.38
2021-11-18,1567663.11
2021-11-19,1580549.87
2021-11-22,1572617.79
2021-11-23,1578677.22
2021-11-24,1587342.96
2021-11-25,1584814.10
2021-11-26,1568389.01
2021-11-29,1559216.96
2021-11-30,1551770.73
2021-12-01,1573732.53
2021-12-02,1580361.87
2021-12-03,1603887.14
2021-12-06,1601096.58
2021-12-07,1622767.86
2021-12-08,1619570.33
2021-12-09,1636551.62
2021-12-10,1622829.15
2021-12-13,1628036.66
2021-12-14,1613306.59
2021-12-15,1610203.40
2021-12-16,1629489.55
2021-12-17,1617090.62
2021-12-20,1614468.83
2021-12-21,1630042.14
2021-12-22,1623435.63
2021-12-23,1629904.15
2021-12-24,1622762.83
2021-12-27,1638027.81
2021-12-28,1633274.79
2021-12-29,1628669.48
2021-12-30,1629901.61
2021-12-31,1641175.94
2022-01-04,1661656.79
2022-01-05,1675821.28
2022-01-06,1668421.15
2022-01-07,1682344.13
2022-01-10,1688802.26
2022-01-11,1691190.23
2022-01-12,1686675.09
2022-01-13,1688321.04
2022-01-14,1665430.45
2022-01-17,1661895.90
2022-01-18,1678225.11
2022-01-19,1685389.11
2022-01-20,1694063.19
2022-01-21,1688524.96
2022-01-24,1681424.72
2022-01-25,1659721.43
2022-01-26,1665603.80
2022-01-27,1654624.93
2022-01-28,1652581.25
2022-02-07,1682977.28
2022-02-08,1716238.08
2022-02-09,1710828.96
2022-02-10,1728568.82
2022-02-11,1729559.44
2022-02-14,1714036.41
2022-02-15,1705649.10
2022-02-16,1707896.50
2022-02-17,1702875.81
2022-02-18,1714855.45
2022-02-21,1711943.03
2022-02-22,1704554.81
2022-02-23,1694044.02
2022-02-24,1676387.73
2022-02-25,1675117.53
2022-02-28,1676416.09
2022-03-01,1683603.36
2022-03-02,1686161.68
2022-03-03,1699608.76
2022-03-04,1695724.04
2022-03-07,1676748.26
2022-03-08,1644922.91
2022-03-09,1626154.78
2022-03-10,1639763.71
2022-03-11,1651316.03
2022-03-14,1628854.27
2022-03-15,1564932.35
2022-03-16,1592167.79
2022-03-17,1592429.19
2022-03-18,1621241.52
2022-03-21,1611884.34
2022-03-22,1631311.97
2022-03-23,1628177.10
2022-03-24,1628739.24
2022-03-25,1625760.60
2022-03-28,1641415.62
2022-03-29,1648163.85
2022-03-30,1661471.51
2022-03-31,1675535.69
2022-04-01,1690789.26
2022-04-06,1711461.32
2022-04-07,1693026.91
2022-04-08,1701249.94
2022-04-11,1685059.68
2022-04-12,1700548.63
2022-04-13,1690918.53
2022-04-14,1696070.61
2022-04-15,1692624.23
2022-04-18,1681846.67
2022-04-19,1689084.34
2022-04-20,1682663.02
2022-04-21,1666424.45
2022-04-22,1688028.74
2022-04-25,1643791.76
2022-04-26,1629616.56
2022-04-27,1638073.27
2022-04-28,1636124.06
2022-04-29,1657923.29
2022-05-05,1696550.33
2022-05-06,1680631.92
2022-05-09,1693660.64
2022-05-10,1690319.65
2022-05-11,1678388.09
2022-05-12,1673894.96
2022-05-13,1686753.74
2022-05-16,1677843.31
2022-05-17,1671997.29
2022-05-18,1656483.77
2022-05-19,1655662.09
2022-05-20,1666089.90
2022-05-23,1659151.19
2022-05-24,1642495.06
2022-05-25,1654644.50
2022-05-26,1658156.33
2022-05-27,1655189.15
2022-05-30,1650080.02
2022-05-31,1661927.75
2022-06-01,1653208.86
2022-06-02,1642354.75
2022-06-06,1640280.86
2022-06-07,1643537.42
2022-06-08,1649048.05
2022-06-09,1646509.19
2022-06-10,1659542.77
2022-06-13,1650385.40
2022-06-14,1669194.70
2022-06-15,1681815.18
2022-06-16,1675820.51
2022-06-17,1689071.74
2022-06-20,1687250.11
2022-06-21,1690541.54
2022-06-22,1668516.10
2022-06-23,1676935.24
2022-06-24,1695586.21
2022-06-27,1691569.74
2022-06-28,1698031.84
2022-06-29,1697518.53
2022-06-30,1709384.99
2022-07-01,1708456.00
2022-07-04,1719221.00
2022-07-05,1715096.03
2022-07-06,1688581.96
2022-07-07,1683179.02
2022-07-08,1682549.32
2022-07-11,1678589.35
2022-07-12,1683053.83
2022-07-13,1673289.88
2022-07-14,1661824.96
2022-07-15,1639623.71
2022-07-18,1662596.06
2022-07-19,1667662.18
2022-07-20,1674304.69
2022-07-21,1664198.46
2022-07-22,1665878.17
2022-07-25,1667008.90
2022-07-26,1675586.22
2022-07-27,1669038.79
2022-07-28,1678110.20
2022-07-29,1670921.29
2022-08-01,1668519.45
2022-08-02,1627682.91
2022-08-03,1615513.46
2022-08-04,1628418.89
2022-08-05,1638844.67
2022-08-08,1640164.53
2022-08-09,1643183.94
2022-08-10,1636238.21
2022-08-11,1655788.10
2022-08-12,1664793.79
2022-08-15,1665958.50
2022-08-16,1667291.95
2022-08-17,1670980.76
2022-08-18,1654398.26
2022-08-19,1662032.16
2022-08-22,1671991.46
2022-08-23,1669884.07
2022-08-24,1658091.22
2022-08-25,1680268.63
2022-08-26,1669908.38
2022-08-29,1676737.27
2022-08-30,1676647.44
2022-08-31,1676243.67
2022-09-01,1682013.68
2022-09-02,1677032.13
2022-09-05,1692296.08
2022-09-06,1705071.14
2022-09-07,1706427.38
2022-09-08,1707505.01
2022-09-09,1728255.82
2022-09-13,1728309.76
2022-09-14,1714940.96
2022-09-15,1716006.70
2022-09-16,1677059.62
2022-09-19,1673971.46
2022-09-20,1681256.18
2022-09-21,1688331.79
2022-09-22,1687838.02
2022-09-23,1686336.02
2022-09-26,1650680.01
2022-09-27,1657172.81
2022-09-28,1645523.89
2022-09-29,1637157.67
2022-09-30,1646046.59
2022-10-10,1643428.02
2022-10-11,1644950.52
2022-10-12,1657562.47
2022-10-13,1647913.02
2022-10-14,1665790.90
2022-10-17,1664382.86
2022-10-18,1668758.83
2022-10-19,1647635.13
2022-10-20,1641023.95
2022-10-21,1643639.68
2022-10-24,1612059.74
2022-10-25,1603836.31
2022-10-26,1607860.82
2022-10-27,1619774.90
2022-10-28,1589925.81
2022-10-31,1568608.27
2022-11-01,1595855.38
2022-11-02,1601023.60
2022-11-03,1594438.54
2022-11-04,1622009.38
2022-11-07,1631394.62
2022-11-08,1628384.97
2022-11-09,1628449.03
2022-11-10,1626524.28
2022-11-11,1655543.26
2022-11-14,1664952.88
2022-11-15,1675704.66
2022-11-16,1670219.17
2022-11-17,1668814.62
2022-11-18,1660493.49
2022-11-21,1652921.03
2022-11-22,1671883.92
2022-11-23,1682796.41
2022-11-24,1685082.98
2022-11-25,1712322.71
2022-11-28,1703664.34
2022-11-29,1744429.37
2022-11-30,1741919.21
2022-12-01,1741398.98
2022-12-02,1734055.61
2022-12-05,1773811.70
2022-12-06,1780296.26
2022-12-07,1788161.75
2022-12-08,1788977.59
2022-12-09,1772560.58
2022-12-12,1775578.99
2022-12-13,1781811.34
2022-12-14,1779448.11
2022-12-15,1760480.17
2022-12-16,1774057.77
2022-12-19,1735048.77
2022-12-20,1719508.94
2022-12-21,1721438.51
2022-12-22,1715937.26
2022-12-23,1706622.85
2022-12-26,1705632.99
2022-12-27,1720218.14
2022-12-28,1718426.15
2022-12-29,1705594.68
2022-12-30,1715220.45
2023-01-03,1723920.42
2023-01-04,1734702.29
2023-01-05,1737798.09
2023-01-06,1736383.97
2023-01-09,1737936.50
2023-01-10,1730818.86
2023-01-11,1740874.80
2023-01-12,1736155.39
2023-01-13,1752257.83
2023-01-16,1759656.23
2023-01-17,1755831.01
2023-01-18,1757335.36
2023-01-19,1761241.94
2023-01-20,1773027.56
2023-01-30,1763814.56
2023-01-31,1764531.92
2023-02-01,1773483.16
2023-02-02,1773969.18
2023-02-03,1759339.57
2023-02-06,1750207.09
2023-02-07,1752704.26
2023-02-08,1749000.46
2023-02-09,1756661.05
2023-02-10,1751000.58
2023-02-13,1761343.67
2023-02-14,1768198.51
2023-02-15,1762491.08
2023-02-16,1753621.42
2023-02-17,1757052.04
2023-02-20,1787889.43
2023-02-21,1808249.18
2023-02-22,1810528.33
2023-02-23,1822091.06
2023-02-24,1818419.00
2023-02-27,1811881.58
2023-02-28,1822995.43
2023-03-01,1833508.93
2023-03-02,1844734.64
2023-03-03,1859354.81
2023-03-06,1854498.59
2023-03-07,1854018.84
2023-03-08,1854864.91
2023-03-09,1856884.10
2023-03-10,1831126.16
2023-03-13,1865798.71
2023-03-14,1844165.94
2023-03-15,1866678.44
2023-03-16,1865169.99
2023-03-17,1872666.81
2023-03-20,1869427.50
2023-03-21,1878601.65
2023-03-22,1881708.92
2023-03-23,1892467.59
2023-03-24,1873052.92
2023-03-27,1845161.51
2023-03-28,1855413.72
2023-03-29,1849616.72
2023-03-30,1872713.10
2023-03-31,1867445.75
2023-04-03,1861895.47
2023-04-04,1880176.99
2023-04-06,1870474.27
2023-04-07,1873674.59
2023-04-10,1874841.18
2023-04-11,1885948.99
2023-04-12,1906400.77
2023-04-13,1904924.55
2023-04-14,1905123.93
2023-04-17,1936128.28
2023-04-18,1951886.65
2023-04-19,1944363.92
2023-04-20,1950986.73
2023-04-21,1936621.33
2023-04-24,1933641.04
2023-04-25,1946578.79
2023-04-26,1929667.92
2023-04-27,1938051.80
2023-04-28,1939761.77
2023-05-04,1964675.56
2023-05-05,1979053.57
2023-05-08,2026147.10
2023-05-09,2017754.25
2023-05-10,1986322.50
2023-05-11,1989248.02
2023-05-12,1984685.34
2023-05-15,1992138.98
2023-05-16,1983028.37
2023-05-17,1971007.43
2023-05-18,1983155.63
2023-05-19,1976122.49
2023-05-22,1978426.85
2023-05-23,1957709.06
2023-05-24,1924552.12
2023-05-25,1920299.04
2023-05-26,1931704.05
2023-05-29,1936251.87
2023-05-30,1924912.47
2023-05-31,1898383.66
2023-06-01,1888762.50
2023-06-02,1907434.27
2023-06-05,1921258.10
2023-06-06,1915036.05
2023-06-07,1924777.41
2023-06-08,1952320.61
2023-06-09,1946579.40
2023-06-12,1945152.90
2023-06-13,1938526.88
2023-06-14,1942689.04
2023-06-15,1955443.56
2023-06-16,1955281.17
2023-06-19,1933363.96
2023-06-20,1935759.16
2023-06-21,1934511.34
2023-06-26,1917028.66
2023-06-27,1944673.69
2023-06-28,1955326.88
2023-06-29,1946665.80
2023-06-30,1913122.28
2023-07-03,1934894.14
2023-07-04,1938336.56
2023-07-05,1939050.70
2023-07-06,1923505.19
2023-07-07,1929832.67
2023-07-10,1928199.55
2023-07-11,1933866.28
2023-07-12,1927044.80
2023-07-13,1945255.47
2023-07-14,1942785.97
2023-07-17,1938536.99
2023-07-18,1944962.63
2023-07-19,1954859.96
2023-07-20,1951076.47
2023-07-21,1951243.88
2023-07-24,1943524.22
2023-07-25,1963232.41
2023-07-26,1967228.88
2023-07-27,1967536.26
2023-07-28,2005901.99
2023-07-31,2015634.75
2023-08-01,2018881.39
2023-08-02,1997973.53
2023-08-03,2007019.55
2023-08-04,2007350.80
2023-08-07,1991758.30
2023-08-08,1990779.12
2023-08-09,1987323.34
2023-08-10,1992419.22
2023-08-11,1961705.62
2023-08-14,1953457.06
2023-08-15,1960903.00
2023-08-16,1960164.77
2023-08-17,1958560.83
2023-08-18,1953835.08
2023-08-21,1929671.57
2023-08-22,1941087.82
2023-08-23,1941572.79
2023-08-24,1939207.07
2023-08-25,1942126.32
2023-08-28,1972637.03
2023-08-29,1962586.62
2023-08-30,1960721.87
2023-08-31,1950489.52
2023-09-01,1975369.32
2023-09-04,2003379.52
2023-09-05,1997057.86
2023-09-06,1994200.48
2023-09-07,1989052.40
2023-09-08,1982084.21
2023-09-11,1990557.87
2023-09-12,1997985.29
2023-09-13,2002860.98
2023-09-14,2023852.16
2023-09-15,2007808.85
2023-09-18,2014512.04
2023-09-19,2029369.46
2023-09-20,2033958.16
2023-09-21,2030457.02
2023-09-22,2034027.42
2023-09-25,2034023.00
2023-09-26,2020217.76
2023-09-27,2006852.11
2023-09-28,2011820.83
2023-10-09,2009396.67
2023-10-10,1986627.40
2023-10-11,1977891.29
2023-10-12,2001201.67
2023-10-13,1999720.48
2023-10-16,2004463.70
2023-10-17,2011652.83
2023-10-18,2004023.87
2023-10-19,1966712.73
2023-10-20,1961509.29
2023-10-23,1947783.09
2023-10-24,1950911.83
2023-10-25,1963457.69
2023-10-26,1977246.84
2023-10-27,1998493.48
2023-10-30,1972237.01
2023-10-31,1984378.58
2023-11-01,1985382.44
2023-11-02,1989727.16
2023-11-03,1980638.47
2023-11-06,1964378.96
2023-11-07,1961783.32
2023-11-08,1961318.44
2023-11-09,1974564.61
2023-11-10,1969660.76
2023-11-13,1963836.75
2023-11-14,1963079.73
2023-11-15,1972731.75
2023-11-16,1970364.24
2023-11-17,1969989.90
2023-11-20,1976272.55
2023-11-21,1982765.08
2023-11-22,1978963.83
2023-11-23,1997750.79
2023-11-24,2005489.51
2023-11-27,1998727.94
2023-11-28,2001523.11
2023-11-29,1998739.53
2023-11-30,2006939.50
2023-12-01,2014235.37
2023-12-04,2022036.30
2023-12-05,2001328.57
2023-12-06,1999078.06
2023-12-07,2004159.84
2023-12-08,2005523.74
2023-12-11,2024052.42
2023-12-12,2042124.33
2023-12-13,2023265.61
2023-12-14,2017966.81
2023-12-15,2003022.41
2023-12-18,2018399.45
2023-12-19,2017969.97
2023-12-20,2013958.03
2023-12-21,2014176.47
2023-12-22,2026959.16
2023-12-25,2020091.53
2023-12-26,2017021.68
2023-12-27,2027262.44
2023-12-28,2027442.29
2023-12-29,2050842.41
2024-01-02,2048210.83
2024-01-03,2067587.81
2024-01-04,2078180.18
2024-01-05,2091326.95
2024-01-08,2085376.62
2024-01-09,2085495.85
2024-01-10,2077672.70
2024-01-11,2066621.15
2024-01-12,2082941.48
2024-01-15,2110483.75
2024-01-16,2118895.62
2024-01-17,2096370.00
2024-01-18,2096594.06
2024-01-19,2086860.68
2024-01-22,2049659.63
2024-01-23,2062536.69
2024-01-24,2105777.25
2024-01-25,2148811.19
2024-01-26,2173282.35
2024-01-29,2180056.08
2024-01-30,2158440.71
2024-01-31,2154638.99
2024-02-01,2142400.82
2024-02-02,2143997.08
2024-02-05,2163631.57
2024-02-06,2201226.68
2024-02-07,2236555.11
2024-02-08,2224244.67
2024-02-19,2250486.93
2024-02-20,2270039.77
2024-02-21,2279769.26
2024-02-22,2301649.19
2024-02-23,2299567.13
2024-02-26,2258655.17
2024-02-27,2265745.99
2024-02-28,2259423.89
2024-02-29,2280368.37
2024-03-01,2274540.23
2024-03-04,2273880.33
2024-03-05,2289821.20
2024-03-06,2275569.25
2024-03-07,2287939.83
2024-03-08,2303888.57
2024-03-11,2300603.98
2024-03-12,2260771.51
2024-03-13,2248122.02
2024-03-14,2259263.73
2024-03-15,2267412.82
2024-03-18,2259764.59
2024-03-19,2240524.73
2024-03-20,2246113.36
2024-03-21,2248591.61
2024-03-22,2242822.65
2024-03-25,2255259.83
2024-03-26,2261020.17
2024-03-27,2256247.65
2024-03-28,2249014.10
2024-03-29,2260827.96
2024-04-01,2269844.76
2024-04-02,2281000.67
2024-04-03,2290760.84
2024-04-08,2296674.05
2024-04-09,2284739.52
2024-04-10,2291671.97
2024-04-11,2300994.97
2024-04-12,2301489.10
2024-04-15,2328188.92
2024-04-16,2350739.23
2024-04-17,2375630.35
2024-04-18,2379876.29
2024-04-19,2390405.46
2024-04-22,2365909.96
2024-04-23,2340025.02
2024-04-24,2352549.40
2024-04-25,2367823.30
2024-04-26,2367850.52
2024-04-29,2357194.35
2024-04-30,2372512.37
2024-05-06,2372289.38
2024-05-07,2374433.92
2024-05-08,2387346.63
2024-05-09,2429115.96
2024-05-10,2445553.70
2024-05-13,2475315.66
2024-05-14,2468907.77
2024-05-15,2479643.29
2024-05-16,2477589.35
2024-05-17,2506151.72
2024-05-20,2519925.05
2024-05-21,2521920.66
2024-05-22,2518243.74
2024-05-23,2502419.73
2024-05-24,2489767.57
2024-05-27,2545109.16
2024-05-28,2555352.58
2024-05-29,2550695.29
2024-05-30,2530390.72
2024-05-31,2519917.63
2024-06-03,2534418.34
2024-06-04,2552375.52
2024-06-05,2526966.27
2024-06-06,2536240.23
2024-06-07,2559966.26
2024-06-11,2487620.39
2024-06-12,2504236.87
2024-06-13,2480504.04
2024-06-14,2490704.20
2024-06-17,2461867.38
2024-06-18,2481230.68
2024-06-19,2475391.97
2024-06-20,2482121.10
2024-06-21,2478422.37
2024-06-24,2449198.74
2024-06-25,2453328.47
2024-06-26,2460800.85
2024-06-27,2442671.18
2024-06-28,2477497.81
2024-07-01,2516727.97
2024-07-02,2510940.91
2024-07-03,2489228.42
2024-07-04,2471464.45
2024-07-05,2453643.44
2024-07-08,2438145.60
2024-07-09,2467548.29
2024-07-10,2441417.42
2024-07-11,2441741.70
2024-07-12,2443116.72
2024-07-15,2464847.96
2024-07-16,2461227.72
2024-07-17,2456584.35
2024-07-18,2456937.87
2024-07-19,2451880.22
2024-07-22,2423074.60
2024-07-23,2394095.42
2024-07-24,2394927.00
2024-07-25,2388607.80
2024-07-26,2386469.15
2024-07-29,2376462.29
2024-07-30,2362629.34
2024-07-31,2401032.76
2024-08-01,2389268.71
2024-08-02,2379460.15
2024-08-05,2357804.67
2024-08-06,2358298.44
2024-08-07,2356810.63
2024-08-08,2380028.74
2024-08-09,2366503.61
2024-08-12,2366887.81
2024-08-13,2370794.70
2024-08-14,2342860.09
2024-08-15,2358664.38
2024-08-16,2353170.71
2024-08-19,2381507.45
2024-08-20,2347725.91
2024-08-21,2334495.27
2024-08-22,2337443.76
2024-08-23,2346816.08
2024-08-26,2336241.20
2024-08-27,2320708.84
2024-08-28,2311967.52
2024-08-29,2290518.34
2024-08-30,2312206.05
2024-09-02,2304451.38
2024-09-03,2302729.51
2024-09-04,2304486.10
2024-09-05,2315788.37
2024-09-06,2303172.69
2024-09-09,2264477.79
2024-09-10,2259830.18
2024-09-11,2225381.27
2024-09-12,2221636.86
2024-09-13,2214534.26
2024-09-18,2234651.74
2024-09-19,2260844.69
2024-09-20,2258929.81
2024-09-23,2281322.05
2024-09-24,2377356.11
2024-09-25,2423998.08
2024-09-26,2549920.39
2024-09-27,2619348.43
2024-09-30,2791979.25
2024-10-08,2824862.26
2024-10-09,2596029.14
2024-10-10,2635773.88
2024-10-11,2580683.38
2024-10-14,2648476.18
2024-10-15,2597606.39
2024-10-16,2632373.10
2024-10-17,2578985.59
2024-10-18,2612550.85
2024-10-21,2584401.63
2024-10-22,2610994.42
2024-10-23,2621715.27
2024-10-24,2602463.30
2024-10-25,2606181.99
2024-10-28,2591466.08
2024-10-29,2559038.96
2024-10-30,2538701.24
2024-10-31,2526206.69
2024-11-01,2531196.53
2024-11-04,2550091.77
2024-11-05,2586268.11
2024-11-06,2578498.87
2024-11-07,2647677.41
2024-11-08,2625821.49
2024-11-11,2607539.52
2024-11-12,2628612.38
2024-11-13,2640961.57
2024-11-14,2600463.88
2024-11-15,2583903.87
2024-11-18,2618657.23
2024-11-19,2620072.11
2024-11-20,2617698.88
2024-11-21,2608163.22
2024-11-22,2527342.06
2024-11-25,2533550.39
2024-11-26,2535950.60
2024-11-27,2576593.74
2024-11-28,2570371.40
2024-11-29,2608167.57
2024-12-02,2633814.37
2024-12-03,2644571.43
2024-12-04,2639358.11
2024-12-05,2634522.35
2024-12-06,2663667.96
2024-12-09,2675383.35
2024-12-10,2681311.61
2024-12-11,2706329.09
2024-12-12,2747949.77
2024-12-13,2696751.05
2024-12-16,2728157.04
2024-12-17,2729854.44
2024-12-18,2745436.62
2024-12-19,2723751.92
2024-12-20,2712686.95
2024-12-23,2723562.04
2024-12-24,2754511.53
2024-12-25,2766687.11
2024-12-26,2756404.43
2024-12-27,2766961.96
2024-12-30,2819630.36
2024-12-31,2809589.60
2025-01-02,2758843.38
2025-01-03,2721870.68
2025-01-06,2744465.95
2025-01-07,2756894.75
2025-01-08,2742404.09
2025-01-09,2707287.56
2025-01-10,2671753.75
2025-01-13,2641987.95
2025-01-14,2696448.30
2025-01-15,2692249.23
2025-01-16,2727490.30
2025-01-17,2722147.45
2025-01-20,2726900.81
2025-01-21,2733745.32
2025-01-22,2709084.21
2025-01-23,2736584.75
2025-01-24,2748973.64
2025-01-27,2786532.36
2025-02-05,2721592.52
2025-02-06,2701956.66
2025-02-07,2716253.21
2025-02-10,2711567.27
2025-02-11,2736974.52
2025-02-12,2743861.83
2025-02-13,2767704.19
2025-02-14,2783705.46
2025-02-17,2770461.72
2025-02-18,2765953.47
2025-02-19,2755358.64
2025-02-20,2752046.00
2025-02-21,2729681.96
2025-02-24,2734635.01
2025-02-25,2717299.56
2025-02-26,2738972.81
2025-02-27,2776448.17
2025-02-28,2760316.07
2025-03-03,2757399.60
2025-03-04,2763615.23
2025-03-05,2781868.93
2025-03-06,2767097.54
2025-03-07,2756686.80
2025-03-10,2766431.92
2025-03-11,2792245.61
2025-03-12,2797701.09
2025-03-13,2802605.64
2025-03-14,2832811.21
2025-03-17,2826541.19
2025-03-18,2816374.07
2025-03-19,2825939.13
2025-03-20,2798383.64
2025-03-21,2782746.23
2025-03-24,2791531.52
2025-03-25,2814522.97
2025-03-26,2805418.69
2025-03-27,2811104.00
2025-03-28,2799476.41
2025-03-31,2799151.25
2025-04-01,2798824.07
2025-04-02,2826939.59
2025-04-03,2834396.17
2025-04-07,2666506.20
2025-04-08,2738765.36
2025-04-09,2749997.47
2025-04-10,2775277.32
2025-04-11,2759427.54
2025-04-14,2780620.94
2025-04-15,2797163.09
2025-04-16,2810570.64
2025-04-17,2817587.90
2025-04-18,2815273.65
2025-04-21,2816989.06
2025-04-22,2830416.31
2025-04-23,2802631.03
2025-04-24,2817069.56
2025-04-25,2819280.71
2025-04-28,2809700.68
2025-04-29,2795906.32
2025-04-30,2766876.89
2025-05-06,2768685.81
2025-05-07,2785931.29
2025-05-08,2782520.88
2025-05-09,2800687.11
2025-05-12,2805472.86
2025-05-13,2831269.66
2025-05-14,2841458.93
2025-05-15,2821182.33
2025-05-16,2812934.66
2025-05-19,2811447.92
2025-05-20,2818845.58
2025-05-21,2836389.98
2025-05-22,2839548.25
2025-05-23,2809116.98
2025-05-26,2805089.96
2025-05-27,2807866.03
2025-05-28,2810860.02
2025-05-29,2813395.06
2025-05-30,2812187.83
2025-06-03,2845238.87
2025-06-04,2850407.32
2025-06-05,2827068.90
2025-06-06,2827148.49
2025-06-09,2835698.27
2025-06-10,2835929.90
2025-06-11,2840880.59
2025-06-12,2842492.52
2025-06-13,2812204.45
2025-06-16,2827375.50
2025-06-17,2831459.17
2025-06-18,2839095.48
2025-06-19,2822651.19
2025-06-20,2840379.39
2025-06-23,2850075.41
2025-06-24,2864317.48
2025-06-25,2888151.24
2025-06-26,2897211.79
2025-06-27,2868468.22
2025-06-30,2865254.33
2025-07-01,2899922.78
2025-07-02,2914039.55
2025-07-03,2925567.21
2025-07-04,2941394.90
2025-07-07,2956391.78
2025-07-08,2962742.17
2025-07-09,2972690.47
2025-07-10,2992797.16
2025-07-11,2968289.14
2025-07-14,2976604.02
2025-07-15,2953162.14
2025-07-16,2956581.93
2025-07-17,2945491.67
2025-07-18,2954257.87
2025-07-21,2975445.51
2025-07-22,3011016.91
2025-07-23,3007450.41
2025-07-24,3001808.45
2025-07-25,2993629.32
2025-07-28,2965314.45
2025-07-29,2957262.72
2025-07-30,2974338.37
2025-07-31,2928367.90
2025-08-01,2919249.75
2025-08-04,2927536.62
2025-08-05,2958479.42
2025-08-06,2961651.27
2025-08-07,2965485.62
2025-08-08,2964532.42
2025-08-11,2962748.88
2025-08-12,2963331.82
2025-08-13,2949499.19
2025-08-14,2935523.31
2025-08-15,2933868.12
2025-08-18,2933394.56
2025-08-19,2940915.74
2025-08-20,2955793.20
2025-08-21,2977969.08
2025-08-22,2982422.82
2025-08-25,3017629.72
2025-08-26,3006680.92
2025-08-27,2953604.68
2025-08-28,2968639.71
2025-08-29,2945824.15
2025-09-01,2924117.44
2025-09-02,2923297.47
2025-09-03,2888863.00
2025-09-04,2898057.49
2025-09-05,2906367.11
2025-09-08,2920892.34
2025-09-09,2938156.39
2025-09-10,2932145.59
2025-09-11,2942283.12
2025-09-12,2932800.01
2025-09-15,2918946.27
2025-09-16,2919307.26
2025-09-17,2934707.20
2025-09-18,2891866.93
2025-09-19,2907105.94
2025-09-22,2866900.38
2025-09-23,2869475.70
2025-09-24,2871559.13
2025-09-25,2854543.67
2025-09-26,2844643.34
2025-09-29,2844805.75
2025-09-30,2836183.21
2025-10-09,2845459.17
2025-10-10,2876215.36
2025-10-13,2873691.83
2025-10-14,2911059.31
2025-10-15,2928771.02
2025-10-16,2943852.22
2025-10-17,2923723.46
2025-10-20,2920563.81
2025-10-21,2919136.06
2025-10-22,2932040.43
2025-10-23,2942010.69
2025-10-24,2927305.29
2025-10-27,2949359.26
2025-10-28,2934354.57
2025-10-29,2932313.97
2025-10-30,2919420.21
2025-10-31,2934034.46
2025-11-03,2945020.26
2025-11-04,2942136.23
2025-11-05,2938532.21
2025-11-06,2943887.04
2025-11-07,2963366.81
2025-11-10,3011517.02
2025-11-11,3016141.89
2025-11-12,3041009.02
2025-11-13,3045719.49
2025-11-14,3039729.39
2025-11-17,3020137.10
2025-11-18,2993383.45
2025-11-19,2989669.94
2025-11-20,3007593.82
2025-11-21,2974247.89
2025-11-24,2960391.28
2025-11-25,2975493.43
2025-11-26,2951268.11
2025-11-27,2954894.81
2025-11-28,2944141.72
2025-12-01,2993244.70
2025-12-02,2997642.94
2025-12-03,2991974.54
2025-12-04,2981704.64
2025-12-05,2984757.37
2025-12-08,2965406.57
2025-12-09,2941920.76
2025-12-10,2955190.73
2025-12-11,2945220.96
2025-12-12,2953292.95
2025-12-15,2961467.79
2025-12-16,2943416.87
2025-12-17,2959786.55
2025-12-18,2971347.42
2025-12-19,2974767.22
2025-12-22,2970027.03
2025-12-23,2969946.87
2025-12-24,2966331.36
2025-12-25,2966016.87
2025-12-26,2982325.81
2025-12-29,2966904.76
2025-12-30,2955077.77
2025-12-31,2949990.07
2026-01-05,2964673.51
2026-01-06,2982365.73
2026-01-07,2959072.56
2026-01-08,2969927.16
2026-01-09,2981034.40
2026-01-12,2986400.65
2026-01-13,2975457.01
2026-01-14,2954304.37
2026-01-15,2951498.52
2026-01-16,2921332.95
2026-01-19,2929323.89
2026-01-20,2986724.52
2026-01-21,2978951.21
2026-01-22,3016591.78
2026-01-23,3023442.31
2026-01-26,3027389.59
2026-01-27,3003681.54
2026-01-28,3015045.86
2026-01-29,3067373.01
2026-01-30,3020366.54
2026-02-02,2961188.00
2026-02-03,2989483.07
2026-02-04,3072998.69
2026-02-05,3089861.25
2026-02-06,3068147.69
2026-02-09,3086369.21
2026-02-10,3078715.79
2026-02-11,3089837.34
2026-02-12,3067794.59
2026-02-13,3031143.11
2026-02-24,3060287.35
2026-02-25,3089218.62
2026-02-26,3067267.32
2026-02-27,3070788.17
2026-03-02,3107057.68
2026-03-03,3123586.64
2026-03-04,3062157.53
2026-03-05,3066203.25
2026-03-06,3091703.58
2026-03-09,3067080.72
2026-03-10,3091136.18
2026-03-11,3115857.77
2026-03-12,3124906.65
2026-03-13,3129264.82
2026-03-16,3134248.44
2026-03-17,3157886.76
2026-03-18,3156460.40
2026-03-19,3123621.87
2026-03-20,3117089.66
2026-03-23,2997820.14
2026-03-24,3069014.02
2026-03-25,3097684.62
2026-03-26,3099818.21
2026-03-27,3089255.18
2026-03-30,3097875.50
2026-03-31,3071867.58
2026-04-01,3091600.70
2026-04-02,3095277.78
2026-04-03,3065493.35
2026-04-07,3050236.21
2026-04-08,3090500.48
2026-04-09,3058283.29
2026-04-10,3054300.23
2026-04-13,3033873.67
2026-04-14,3063869.75
2026-04-15,3090565.31
2026-04-16,3069413.71
2026-04-17,3045866.64
2026-04-20,3035300.19
2026-04-21,3050525.21
2026-04-22,3044700.33
2026-04-23,3048895.36
2026-04-24,3048191.96
2026-04-27,3034350.20
2026-04-28,3059550.08
2026-04-29,3119924.86
2026-04-30,3101899.86
2026-05-06,3113637.53
2026-05-07,3119715.13
2026-05-08,3124904.99
2026-05-11,3145716.23
2026-05-12,3144588.32
2026-05-13,3140174.03
2026-05-14,3138693.08
2026-05-15,3115676.19
2026-05-18,3084905.11
2026-05-19,3104615.92
2026-05-20,3101639.42
2026-05-21,3083366.53
2026-05-22,3064972.90
2026-05-25,3073495.61
2026-05-26,3077538.67
2026-05-27,3065691.69
2026-05-28,3028050.77
2026-05-29,3096028.71
2026-06-01,3126875.28
2026-06-02,3127593.71
2026-06-03,3091505.87
2026-06-04,3061069.97
2026-06-05,3095074.50
2026-06-08,3076787.69
2026-06-09,3064252.43
2026-06-10,3087418.08
2026-06-11,3059660.14
2026-06-12,3102460.65
2026-06-15,3071896.08
2026-06-16,3026196.04
2026-06-17,2988470.16
2026-06-18,2935243.07
2026-06-22,2955417.33
2026-06-23,2956226.71
2026-06-24,2923265.61
2026-06-25,2885460.78
2026-06-26,2853738.50
2026-06-29,2905377.02
2026-06-30,2840018.67
2026-07-01,2882673.18
2026-07-02,2914975.24
2026-07-03,2951197.20
2026-07-06,2997915.36
2026-07-07,2964919.67
2026-07-08,2983311.28
2026-07-09,2961770.58
2026-07-10,2965288.65
2026-07-13,2998196.04
2026-07-14,3034916.12
2026-07-15,3076652.15
2026-07-16,3093861.63
2026-07-17,3071856.40
2026-07-20,3138068.67
2026-07-21,3119477.81
2026-07-22,3124126.00
2026-07-23,3138322.10
2026-07-24,3104957.72
2026-07-27,3122293.26
2026-07-28,3142467.49
2026-07-29,3197861.21
2026-07-30,3252307.56
2026-07-31,3221426.63
2026-08-03,3229961.57
2026-08-04,3160201.22
2026-08-05,3131943.14
2026-08-06,3119805.59
2026-08-07,3099740.56
